sweep,energy
0,1.6566636188870221
1,-111.21086751494187
2,-169.52501389786056
3,-187.93915264905132
4,-191.15612727440123
5,-191.81675815708977
6,-191.95927030012945
7,-191.99081986337018
8,-191.99790940433644
9,-191.9995177432551
10,-191.99988684391818
11,-191.99997298742417
12,-191.99999346785461
13,-191.99999841001357
14,-191.99999961287432
15,-191.99999990621666
16,-191.9999999774864
17,-191.99999999465965
18,-191.99999999875075
19,-191.999999999712
20,-191.99999999993454
21,-191.99999999998562
